usb_source,capture_utc,project_dir,role,destination
"Bob_n_Spud/before.jpg","2026-02-01T22:38:32.000Z","0062 - Bob and Spud","before","before.jpeg"
"Bob_n_Spud/after.jpg","2026-05-06T10:14:08.000Z","0062 - Bob and Spud","after","after.jpeg"
"Bob_n_Spud/IMG_20260122_151041.jpg","2026-01-22T15:10:41.000Z","0062 - Bob and Spud","wip","WIP-001.jpeg"
"Bob_n_Spud/IMG_20260201_174359.jpg","2026-02-01T17:43:59.000Z","0062 - Bob and Spud","wip","WIP-002.jpeg"
"Bob_n_Spud/IMG_20260201_174551.jpg","2026-02-01T17:45:51.000Z","0062 - Bob and Spud","wip","WIP-003.jpeg"
"Bob_n_Spud/IMG_20260201_180124.jpg","2026-02-01T18:01:24.000Z","0062 - Bob and Spud","wip","WIP-004.jpeg"
"Bob_n_Spud/IMG_20260201_181919.jpg","2026-02-01T18:19:19.000Z","0062 - Bob and Spud","wip","WIP-005.jpeg"
"Bob_n_Spud/IMG_20260213_103427.jpg","2026-02-13T10:34:27.000Z","0062 - Bob and Spud","wip","WIP-006.jpeg"
"Bob_n_Spud/Spud.jpg","2026-03-29T00:21:28.000Z","0062 - Bob and Spud","wip","WIP-007.jpeg"
"Bob_n_Spud/Spud_3.jpg","2026-03-29T00:28:20.000Z","0062 - Bob and Spud","wip","WIP-008.jpeg"
"Bob_n_Spud/Spud_2.jpg","2026-03-29T00:32:03.000Z","0062 - Bob and Spud","wip","WIP-009.jpeg"
"Bob_n_Spud/Kangaroo/before.jpg","2026-01-19T12:18:47.000Z","0059 - Kangaroo","before","before.jpeg"
"Bob_n_Spud/Kangaroo/before2.jpg","2026-01-19T12:19:00.000Z","0059 - Kangaroo","before (extra)","WIP-001.jpeg"
"Bob_n_Spud/Kangaroo/before3.jpg","2026-01-19T12:19:08.000Z","0059 - Kangaroo","before (extra)","WIP-002.jpeg"
"Bob_n_Spud/Kangaroo/after.jpg","2026-01-19T23:23:48.000Z","0059 - Kangaroo","after","after.jpeg"
"Bob_n_Spud/Kangaroo/after2.jpg","2026-01-19T23:24:07.000Z","0059 - Kangaroo","after (extra)","WIP-003.jpeg"
"Bob_n_Spud/Kangaroo/after3.jpg","2026-01-19T23:24:58.000Z","0059 - Kangaroo","after (extra)","WIP-004.jpeg"
"Bob_n_Spud/Yoshi/before2.jpg","2026-01-16T16:15:20.000Z","0057 - Yoshi","before","before.jpeg"
"Bob_n_Spud/Yoshi/before1.jpg","2026-01-16T16:15:25.000Z","0057 - Yoshi","before (extra)","WIP-001.jpeg"
"Bob_n_Spud/Yoshi/before3.jpg","2026-01-16T16:15:31.000Z","0057 - Yoshi","before (extra)","WIP-002.jpeg"
"Bob_n_Spud/Yoshi/after1.jpg","2026-01-19T15:19:38.000Z","0057 - Yoshi","after","after.jpeg"
"Bob_n_Spud/Yoshi/after2.jpg","2026-01-19T15:20:10.000Z","0057 - Yoshi","after (extra)","WIP-003.jpeg"
"Bob_n_Spud/Yoshi/after3.jpg","2026-01-19T15:20:43.000Z","0057 - Yoshi","after (extra)","WIP-004.jpeg"
"Bowling_machine/IMG_20260106_120058.jpg","2026-01-06T12:00:58.000Z","0046 - Bowing machine","wip","WIP-001.jpeg"
"Bowling_machine/IMG_20260106_142413.jpg","2026-01-06T14:24:13.000Z","0046 - Bowing machine","wip","WIP-002.jpeg"
"Bowling_machine/IMG_20260106_142423.jpg","2026-01-06T14:24:23.000Z","0046 - Bowing machine","wip","WIP-003.jpeg"
"Bowling_machine/IMG_20260106_142426.jpg","2026-01-06T14:24:26.000Z","0046 - Bowing machine","wip","WIP-004.jpeg"
"Brown_ribbon_dog/before.jpg","2025-12-11T10:33:26.000Z","0079 - Brown ribbon dog","before","before.jpeg"
"Brown_ribbon_dog/after.jpg","2025-12-14T16:05:47.000Z","0079 - Brown ribbon dog","after","after.jpeg"
"Bunny_towel/before.jpg","2025-02-09T08:57:26.000Z","0016 - Bunny cuddling toy","before","before.jpeg"
"Bunny_towel/before2.jpg","2025-02-09T08:57:30.000Z","0016 - Bunny cuddling toy","before (extra)","WIP-001.jpeg"
"Bunny_towel/before3.jpg","2025-02-09T08:57:43.000Z","0016 - Bunny cuddling toy","before (extra)","WIP-002.jpeg"
"Bunny_towel/after.jpg","2025-02-09T14:26:43.000Z","0016 - Bunny cuddling toy","after","after.jpeg"
"Bunny_towel/after2.jpg","2025-02-09T14:27:06.000Z","0016 - Bunny cuddling toy","after (extra)","WIP-003.jpeg"
"Capybara_Plush/before2.jpg","2026-02-16T12:54:58.000Z","0080 - Capybara Plush","before","before.jpeg"
"Capybara_Plush/before1.jpg","2026-02-16T12:55:32.000Z","0080 - Capybara Plush","before (extra)","WIP-001.jpeg"
"Capybara_Plush/after3.jpg","2026-02-18T17:03:27.000Z","0080 - Capybara Plush","after","after.jpeg"
"Capybara_Plush/after2.jpg","2026-02-18T17:03:39.000Z","0080 - Capybara Plush","after (extra)","WIP-002.jpeg"
"Capybara_Plush/after1.jpg","2026-02-18T17:03:54.000Z","0080 - Capybara Plush","after (extra)","WIP-003.jpeg"
"Capybara_Plush/IMG_20260218_015700.jpg","2026-02-18T01:57:00.000Z","0080 - Capybara Plush","wip","WIP-004.jpeg"
"Cece/before.jpg","2025-10-10T16:20:11.000Z","0039 - Cece doll","before","before.jpeg"
"Cece/before2.jpg","2025-10-10T16:20:16.000Z","0039 - Cece doll","before (extra)","WIP-001.jpeg"
"Cece/after1.jpg","2025-10-16T02:08:56.000Z","0039 - Cece doll","after","after.jpeg"
"Cece/after2.jpg","2025-10-16T02:09:04.000Z","0039 - Cece doll","after (extra)","WIP-002.jpeg"
"Cece/IMG_20251010_165149.jpg","2025-10-10T16:51:49.000Z","0039 - Cece doll","wip","WIP-003.jpeg"
"Cece/IMG_20251016_013628.jpg","2025-10-16T01:36:28.000Z","0039 - Cece doll","wip","WIP-004.jpeg"
"Cece/IMG_20251016_020606.jpg","2025-10-16T02:06:06.000Z","0039 - Cece doll","wip","WIP-005.jpeg"
"Dinotronic/after2.jpg","2025-09-25T15:45:57.000Z","0035 - DinoTronic","after","after.jpeg"
"Dinotronic/after.jpg","2025-09-25T15:46:06.000Z","0035 - DinoTronic","after (extra)","WIP-001.jpeg"
"Dinotronic/IMG_20250821_110719.jpg","2025-08-21T11:07:19.000Z","0035 - DinoTronic","wip","WIP-002.jpeg"
"Dinotronic/IMG_20250827_142607.jpg","2025-08-27T14:26:07.000Z","0035 - DinoTronic","wip","WIP-003.jpeg"
"Dinotronic/IMG_20250827_145349.jpg","2025-08-27T14:53:49.000Z","0035 - DinoTronic","wip","WIP-004.jpeg"
"Dinotronic/IMG_20250907_004101.jpg","2025-09-07T00:41:01.000Z","0035 - DinoTronic","wip","WIP-005.jpeg"
"Dinotronic/IMG_20250907_004153.jpg","2025-09-07T00:41:53.000Z","0035 - DinoTronic","wip","WIP-006.jpeg"
"Dinotronic/IMG_20250907_010519.jpg","2025-09-07T01:05:19.000Z","0035 - DinoTronic","wip","WIP-007.jpeg"
"Dinotronic/IMG_20250910_232051.jpg","2025-09-10T23:20:51.000Z","0035 - DinoTronic","wip","WIP-008.jpeg"
"Dinotronic/IMG_20250910_232653.jpg","2025-09-10T23:26:53.000Z","0035 - DinoTronic","wip","WIP-009.jpeg"
"Dinotronic/IMG_20250910_232745.jpg","2025-09-10T23:27:45.000Z","0035 - DinoTronic","wip","WIP-010.jpeg"
"Dinotronic/IMG_20250911_133838.jpg","2025-09-11T13:38:38.000Z","0035 - DinoTronic","wip","WIP-011.jpeg"
"Dinotronic/IMG_20250911_165420.jpg","2025-09-11T16:54:20.000Z","0035 - DinoTronic","wip","WIP-012.jpeg"
"Dinotronic/IMG_20250911_171627.jpg","2025-09-11T17:16:27.000Z","0035 - DinoTronic","wip","WIP-013.jpeg"
"Dinotronic/IMG_20250912_223922.jpg","2025-09-12T22:39:22.000Z","0035 - DinoTronic","wip","WIP-014.jpeg"
"Dinotronic/IMG_20250913_200001.jpg","2025-09-13T20:00:01.000Z","0035 - DinoTronic","wip","WIP-015.jpeg"
"Dinotronic/IMG_20250925_154729.jpg","2025-09-25T15:47:29.000Z","0035 - DinoTronic","wip","WIP-016.jpeg"
"Dinotronic/IMG_20250925_181148.jpg","2025-09-25T18:11:48.000Z","0035 - DinoTronic","wip","WIP-017.jpeg"
"Dog/dog_before.jpg","2026-04-21T11:53:58.000Z","0081 - Dog","wip","WIP-001.jpeg"
"Dog/Dog_after.jpg","2026-04-22T10:07:43.000Z","0081 - Dog","wip","WIP-002.jpeg"
"Elephant_Towel/before.jpg","2025-11-24T10:28:23.000Z","0082 - Elephant Towel","before","before.jpeg"
"Elephant_Towel/before2.jpg","2025-11-24T10:28:42.000Z","0082 - Elephant Towel","before (extra)","WIP-001.jpeg"
"Elephant_Towel/after.jpg","2025-12-09T13:42:48.000Z","0082 - Elephant Towel","after","after.jpeg"
"Elephant_Towel/after2.jpg","2025-12-09T13:43:08.000Z","0082 - Elephant Towel","after (extra)","WIP-002.jpeg"
"Elephant_Towel/IMG_20251124_102842.jpg","2025-11-24T10:28:42.000Z","0082 - Elephant Towel","wip","WIP-003.jpeg"
"Elvis_dog/after.jpg","2026-01-09T23:53:59.000Z","0052 - Singing Elvis Dog","after","after.jpeg"
"Elvis_dog/after2.jpg","2026-01-09T23:54:08.000Z","0052 - Singing Elvis Dog","after (extra)","WIP-001.jpeg"
"Elvis_dog/IMG_20260108_150931.jpg","2026-01-08T15:09:31.000Z","0052 - Singing Elvis Dog","wip","WIP-002.jpeg"
"Elvis_dog/IMG_20260108_150942.jpg","2026-01-08T15:09:42.000Z","0052 - Singing Elvis Dog","wip","WIP-003.jpeg"
"Elvis_dog/IMG_20260108_232626.jpg","2026-01-08T23:26:26.000Z","0052 - Singing Elvis Dog","wip","WIP-004.jpeg"
"Elvis_dog/IMG_20260108_232648.jpg","2026-01-08T23:26:48.000Z","0052 - Singing Elvis Dog","wip","WIP-005.jpeg"
"Elvis_dog/IMG_20260109_220638.jpg","2026-01-09T22:06:38.000Z","0052 - Singing Elvis Dog","wip","WIP-006.jpeg"
"Elvis_dog/IMG_20260109_231823.jpg","2026-01-09T23:18:23.000Z","0052 - Singing Elvis Dog","wip","WIP-007.jpeg"
"Elvis_dog/IMG_20260109_231959.jpg","2026-01-09T23:19:59.000Z","0052 - Singing Elvis Dog","wip","WIP-008.jpeg"
"Elvis_dog/IMG_20260109_232403.jpg","2026-01-09T23:24:03.000Z","0052 - Singing Elvis Dog","wip","WIP-009.jpeg"
"Firetruck_rideOn/after.jpg","2025-10-13T14:31:03.000Z","0058 - Ride on Car","after","after.jpeg"
"Footy_duck/before.jpg","2025-12-11T20:04:21.000Z","0030 - Lauging little duck","before","before.jpeg"
"Footy_duck/after.jpg","2025-12-17T00:13:34.000Z","0030 - Lauging little duck","after","after.jpeg"
"Footy_duck/after3.jpg","2025-12-17T00:14:22.000Z","0030 - Lauging little duck","after (extra)","WIP-001.jpeg"
"Footy_duck/after2.jpg","2025-12-17T00:20:01.000Z","0030 - Lauging little duck","after (extra)","WIP-002.jpeg"
"Godfy/before.jpg","2026-03-02T14:46:18.000Z","0078 - Godfy","before","before.jpeg"
"Godfy/before2.jpg","2026-03-02T14:46:24.000Z","0078 - Godfy","before (extra)","WIP-001.jpeg"
"Godfy/after1.jpg","2026-03-03T18:53:10.000Z","0078 - Godfy","after","after.jpeg"
"Godfy/after3.jpg","2026-03-03T18:53:56.000Z","0078 - Godfy","after (extra)","WIP-002.jpeg"
"Godfy/after2.jpg","2026-03-03T18:54:07.000Z","0078 - Godfy","after (extra)","WIP-003.jpeg"
"Hemish_bear/before1.jpg","2025-06-10T15:26:30.000Z","0025 - Hamish","before","before.jpeg"
"Hemish_bear/before2.jpg","2025-06-11T20:31:19.000Z","0025 - Hamish","before (extra)","WIP-001.jpeg"
"Hemish_bear/before3.jpg","2025-06-11T20:38:34.000Z","0025 - Hamish","before (extra)","WIP-002.jpeg"
"Hemish_bear/after.jpg","2025-06-20T14:35:39.000Z","0025 - Hamish","after","after.jpeg"
"Hemish_bear/after1.jpg","2025-06-25T11:13:05.000Z","0025 - Hamish","after (extra)","WIP-003.jpeg"
"Hemish_bear/after2.jpg","2025-06-25T11:14:31.000Z","0025 - Hamish","after (extra)","WIP-004.jpeg"
"Hemish_bear/after3.jpg","2025-06-25T11:16:36.000Z","0025 - Hamish","after (extra)","WIP-005.jpeg"
"Hemish_bear/IMG_20250611_205559.jpg","2025-06-11T20:55:59.000Z","0025 - Hamish","wip","WIP-006.jpeg"
"Hemish_bear/IMG_20250611_214622.jpg","2025-06-11T21:46:22.000Z","0025 - Hamish","wip","WIP-007.jpeg"
"Homer/after.jpg","2026-01-28T22:58:21.000Z","0055 - Santa Homer","after","after.jpeg"
"Homer/IMG_20251206_080913.jpg","2025-12-06T08:09:13.000Z","0055 - Santa Homer","wip","WIP-001.jpeg"
"Homer/IMG_20251206_080920.jpg","2025-12-06T08:09:20.000Z","0055 - Santa Homer","wip","WIP-002.jpeg"
"Homer/IMG_20260115_235811.jpg","2026-01-15T23:58:11.000Z","0055 - Santa Homer","wip","WIP-003.jpeg"
"Homer/IMG_20260115_235823.jpg","2026-01-15T23:58:23.000Z","0055 - Santa Homer","wip","WIP-004.jpeg"
"Homer/IMG_20260115_235910.jpg","2026-01-15T23:59:10.000Z","0055 - Santa Homer","wip","WIP-005.jpeg"
"Homer/IMG_20260116_002030.jpg","2026-01-16T00:20:30.000Z","0055 - Santa Homer","wip","WIP-006.jpeg"
"Homer/IMG_20260124_193124.jpg","2026-01-24T19:31:24.000Z","0055 - Santa Homer","wip","WIP-007.jpeg"
"Homer/IMG_20260124_200138.jpg","2026-01-24T20:01:38.000Z","0055 - Santa Homer","wip","WIP-008.jpeg"
"Homer/IMG_20260125_012717.jpg","2026-01-25T01:27:17.000Z","0055 - Santa Homer","wip","WIP-009.jpeg"
"Homer/IMG_20260127_170027.jpg","2026-01-27T17:00:27.000Z","0055 - Santa Homer","wip","WIP-010.jpeg"
"Homer/IMG_20260127_170049.jpg","2026-01-27T17:00:49.000Z","0055 - Santa Homer","wip","WIP-011.jpeg"
"Homer/20260127_180340.jpg","2026-01-27T18:03:41.000Z","0055 - Santa Homer","wip","WIP-012.jpeg"
"Homer/20260127_180446.jpg","2026-01-27T18:04:46.000Z","0055 - Santa Homer","wip","WIP-013.jpeg"
"Homer/20260127_180450.jpg","2026-01-27T18:04:50.000Z","0055 - Santa Homer","wip","WIP-014.jpeg"
"Homer/20260127_185553.jpg","2026-01-27T18:55:53.000Z","0055 - Santa Homer","wip","WIP-015.jpeg"
"Homer/Screenshot_20260128_155607_Photos.jpg","2026-01-28T15:56:07.000Z","0055 - Santa Homer","wip","WIP-016.jpeg"
"Homer/Screenshot_20260128_155627_Photos.jpg","2026-01-28T15:56:27.000Z","0055 - Santa Homer","wip","WIP-017.jpeg"
"Homer/Screenshot_20260128_155937_Photos.jpg","2026-01-28T15:59:37.000Z","0055 - Santa Homer","wip","WIP-018.jpeg"
"Homer/20260128_224926.jpg","2026-01-28T22:49:26.000Z","0055 - Santa Homer","wip","WIP-019.jpeg"
"Homer/20260128_224934.jpg","2026-01-28T22:49:34.000Z","0055 - Santa Homer","wip","WIP-020.jpeg"
"Husky/after2.jpg","2025-12-01T18:44:51.000Z","0045 - Mimi Keel toys Husky","after","after.jpeg"
"Husky/after.jpg","2025-12-01T21:54:27.000Z","0045 - Mimi Keel toys Husky","after (extra)","WIP-001.jpeg"
"Interactive_Reading_toys/after.jpg","2025-09-22T22:57:14.000Z","0038 - Hallmarks Reading buddy","after","after.jpeg"
"Interactive_Reading_toys/IMG_20250922_100732.jpg","2025-09-22T10:07:32.000Z","0038 - Hallmarks Reading buddy","wip","WIP-001.jpeg"
"Interactive_Reading_toys/IMG_20250922_100807.jpg","2025-09-22T10:08:07.000Z","0038 - Hallmarks Reading buddy","wip","WIP-002.jpeg"
"Interactive_Reading_toys/IMG_20250922_101026.jpg","2025-09-22T10:10:26.000Z","0038 - Hallmarks Reading buddy","wip","WIP-003.jpeg"
"Interactive_Reading_toys/IMG_20250922_101229.jpg","2025-09-22T10:12:29.000Z","0038 - Hallmarks Reading buddy","wip","WIP-004.jpeg"
"Interactive_Reading_toys/IMG_20250922_101355.jpg","2025-09-22T10:13:55.000Z","0038 - Hallmarks Reading buddy","wip","WIP-005.jpeg"
"Interactive_Reading_toys/IMG_20250922_111807.jpg","2025-09-22T11:18:07.000Z","0038 - Hallmarks Reading buddy","wip","WIP-006.jpeg"
"Interactive_Reading_toys/IMG_20250922_202938.jpg","2025-09-22T20:29:38.000Z","0038 - Hallmarks Reading buddy","wip","WIP-007.jpeg"
"Interactive_Reading_toys/IMG_20250922_203821.jpg","2025-09-22T20:38:21.000Z","0038 - Hallmarks Reading buddy","wip","WIP-008.jpeg"
"Interactive_Reading_toys/IMG_20250922_203832.jpg","2025-09-22T20:38:32.000Z","0038 - Hallmarks Reading buddy","wip","WIP-009.jpeg"
"JellyCats/Jellycat_before.jpg","2026-05-01T10:55:18.000Z","0074 - Jellycat rabbits","wip","WIP-001.jpeg"
"JellyCats/Jellycat_after_2.jpg","2026-05-06T00:36:47.000Z","0074 - Jellycat rabbits","wip","WIP-002.jpeg"
"JellyCats/Jellycat_after_1.jpg","2026-05-06T00:37:33.000Z","0074 - Jellycat rabbits","wip","WIP-003.jpeg"
"Jellycat_flower_ear/before1.jpg","2025-09-27T10:38:12.000Z","0037 - JellyCat Rabbit","before","before.jpeg"
"Jellycat_flower_ear/after2.jpg","2025-10-01T09:41:50.000Z","0037 - JellyCat Rabbit","after","after.jpeg"
"Jellycat_flower_ear/after.jpg","2025-10-01T09:45:36.000Z","0037 - JellyCat Rabbit","after (extra)","WIP-001.jpeg"
"Jellycat_flower_ear/IMG_20250930_145309.jpg","2025-09-30T14:53:09.000Z","0037 - JellyCat Rabbit","wip","WIP-002.jpeg"
"Jellycat_flower_ear/IMG_20250930_145511.jpg","2025-09-30T14:55:11.000Z","0037 - JellyCat Rabbit","wip","WIP-003.jpeg"
"Jellycat_flower_ear/IMG_20250930_150313.jpg","2025-09-30T15:03:13.000Z","0037 - JellyCat Rabbit","wip","WIP-004.jpeg"
"Jellycat_flower_ear/IMG_20250930_151602.jpg","2025-09-30T15:16:02.000Z","0037 - JellyCat Rabbit","wip","WIP-005.jpeg"
"Jellycat_flower_ear/IMG_20250930_152744.jpg","2025-09-30T15:27:44.000Z","0037 - JellyCat Rabbit","wip","WIP-006.jpeg"
"Jellycat_flower_ear/IMG_20250930_161929.jpg","2025-09-30T16:19:29.000Z","0037 - JellyCat Rabbit","wip","WIP-007.jpeg"
"Jellycat_flower_ear/IMG_20250930_164853.jpg","2025-09-30T16:48:53.000Z","0037 - JellyCat Rabbit","wip","WIP-008.jpeg"
"Jellycat_flower_ear/IMG_20250930_173437.jpg","2025-09-30T17:34:37.000Z","0037 - JellyCat Rabbit","wip","WIP-009.jpeg"
"Jellycat_flower_ear/IMG_20250930_173509.jpg","2025-09-30T17:35:09.000Z","0037 - JellyCat Rabbit","wip","WIP-010.jpeg"
"Kota_Triceratop/IMG_20251205_171147.jpg","2025-12-05T17:11:47.000Z","0053 - Kota Dino","wip","WIP-001.jpeg"
"Kota_Triceratop/IMG_20260116_222233.jpg","2026-01-16T22:22:33.000Z","0053 - Kota Dino","wip","WIP-002.jpeg"
"Kota_Triceratop/IMG_20260116_222238.jpg","2026-01-16T22:22:38.000Z","0053 - Kota Dino","wip","WIP-003.jpeg"
"Kota_Triceratop/IMG_20260116_222707.jpg","2026-01-16T22:27:07.000Z","0053 - Kota Dino","wip","WIP-004.jpeg"
"Kota_Triceratop/IMG_20260116_223049.jpg","2026-01-16T22:30:49.000Z","0053 - Kota Dino","wip","WIP-005.jpeg"
"Kota_Triceratop/IMG_20260116_224408.jpg","2026-01-16T22:44:08.000Z","0053 - Kota Dino","wip","WIP-006.jpeg"
"Kota_Triceratop/IMG_20260116_224645.jpg","2026-01-16T22:46:45.000Z","0053 - Kota Dino","wip","WIP-007.jpeg"
"Kota_Triceratop/IMG_20260116_224647.jpg","2026-01-16T22:46:47.000Z","0053 - Kota Dino","wip","WIP-008.jpeg"
"Kota_Triceratop/IMG_20260116_225438.jpg","2026-01-16T22:54:38.000Z","0053 - Kota Dino","wip","WIP-009.jpeg"
"Kota_Triceratop/IMG_20260328_223421.jpg","2026-03-28T22:34:21.000Z","0053 - Kota Dino","wip","WIP-010.jpeg"
"Kota_Triceratop/IMG_20260328_230844.jpg","2026-03-28T23:08:44.000Z","0053 - Kota Dino","wip","WIP-011.jpeg"
"Kota_Triceratop/IMG_20260328_230847.jpg","2026-03-28T23:08:47.000Z","0053 - Kota Dino","wip","WIP-012.jpeg"
"Kota_Triceratop/IMG_20260413_122309.jpg","2026-04-13T12:23:09.000Z","0053 - Kota Dino","wip","WIP-013.jpeg"
"Kota_Triceratop/IMG_20260414_222529.jpg","2026-04-14T22:25:29.000Z","0053 - Kota Dino","wip","WIP-014.jpeg"
"Kota_Triceratop/IMG_20260414_225701.jpg","2026-04-14T22:57:01.000Z","0053 - Kota Dino","wip","WIP-015.jpeg"
"Kota_Triceratop/IMG_20260414_225709.jpg","2026-04-14T22:57:09.000Z","0053 - Kota Dino","wip","WIP-016.jpeg"
"Kota_Triceratop/IMG_20260414_225712.jpg","2026-04-14T22:57:12.000Z","0053 - Kota Dino","wip","WIP-017.jpeg"
"Kota_Triceratop/IMG_20260414_225716.jpg","2026-04-14T22:57:16.000Z","0053 - Kota Dino","wip","WIP-018.jpeg"
"Kota_Triceratop/IMG_20260414_232751.jpg","2026-04-14T23:27:51.000Z","0053 - Kota Dino","wip","WIP-019.jpeg"
"Kota_Triceratop/11.jpg","2026-04-14T23:28:33.000Z","0053 - Kota Dino","wip","WIP-020.jpeg"
"Kota_Triceratop/12.jpg","2026-04-17T21:28:19.000Z","0053 - Kota Dino","wip","WIP-021.jpeg"
"Kota_Triceratop/10.jpg","2026-04-17T21:28:26.000Z","0053 - Kota Dino","wip","WIP-022.jpeg"
"Kota_Triceratop/9.jpg","2026-04-18T15:21:03.000Z","0053 - Kota Dino","wip","WIP-023.jpeg"
"Kota_Triceratop/8.jpg","2026-04-18T15:21:08.000Z","0053 - Kota Dino","wip","WIP-024.jpeg"
"Kota_Triceratop/7.jpg","2026-04-18T23:18:38.000Z","0053 - Kota Dino","wip","WIP-025.jpeg"
"Kota_Triceratop/Kota_6.jpg","2026-04-19T00:58:37.000Z","0053 - Kota Dino","wip","WIP-026.jpeg"
"Kota_Triceratop/Kota_5.jpg","2026-04-19T00:59:32.000Z","0053 - Kota Dino","wip","WIP-027.jpeg"
"Kota_Triceratop/Kota_4.jpg","2026-04-19T01:44:27.000Z","0053 - Kota Dino","wip","WIP-028.jpeg"
"Kota_Triceratop/Kota_3.jpg","2026-04-22T23:33:27.000Z","0053 - Kota Dino","wip","WIP-029.jpeg"
"Kota_Triceratop/Kota_2.jpg","2026-04-22T23:36:33.000Z","0053 - Kota Dino","wip","WIP-030.jpeg"
"Kota_Triceratop/Kota_1.jpg","2026-04-22T23:59:15.000Z","0053 - Kota Dino","wip","WIP-031.jpeg"
"Kota_Triceratop/Kota_after.jpg","2026-04-28T21:29:35.000Z","0053 - Kota Dino","wip","WIP-032.jpeg"
"Kota_Triceratop/Kota_after_2.jpg","2026-04-28T21:29:44.000Z","0053 - Kota Dino","wip","WIP-033.jpeg"
"Lucy_dog/before.jpg","2026-03-03T10:04:01.000Z","0066 - Lucy dog","before","before.jpeg"
"Lucy_dog/1.jpg","2026-03-23T14:24:54.000Z","0066 - Lucy dog","wip","WIP-001.jpeg"
"Lucy_dog/IMG_20260325_113107.jpg","2026-03-25T11:31:07.000Z","0066 - Lucy dog","wip","WIP-002.jpeg"
"Lucy_dog/after_3.jpg","2026-04-10T16:28:01.000Z","0066 - Lucy dog","wip","WIP-003.jpeg"
"Lucy_dog/after_1.jpg","2026-04-10T16:28:35.000Z","0066 - Lucy dog","wip","WIP-004.jpeg"
"Lucy_dog/after_2.jpg","2026-04-10T16:29:18.000Z","0066 - Lucy dog","wip","WIP-005.jpeg"
"Lulla_doll/before.jpg","2025-10-03T13:43:17.000Z","0042 - Lulla doll","before","before.jpeg"
"Lulla_doll/after.jpg","2025-10-28T16:52:58.000Z","0042 - Lulla doll","after","after.jpeg"
"Lulla_doll/IMG_20251021_202612.jpg","2025-10-21T20:26:12.000Z","0042 - Lulla doll","wip","WIP-001.jpeg"
"Lulla_doll/IMG_20251022_013258.jpg","2025-10-22T01:32:58.000Z","0042 - Lulla doll","wip","WIP-002.jpeg"
"Lulla_doll/IMG_20251022_020551.jpg","2025-10-22T02:05:51.000Z","0042 - Lulla doll","wip","WIP-003.jpeg"
"Lulla_doll/IMG_20251023_150536.jpg","2025-10-23T15:05:36.000Z","0042 - Lulla doll","wip","WIP-004.jpeg"
"Lulla_doll/IMG_20251023_150551.jpg","2025-10-23T15:05:51.000Z","0042 - Lulla doll","wip","WIP-005.jpeg"
"Lulla_doll/IMG_20251023_233344.jpg","2025-10-23T23:33:44.000Z","0042 - Lulla doll","wip","WIP-006.jpeg"
"Lulla_doll/IMG_20251023_233412.jpg","2025-10-23T23:34:12.000Z","0042 - Lulla doll","wip","WIP-007.jpeg"
"Lulla_doll/IMG_20251024_163343.jpg","2025-10-24T16:33:43.000Z","0042 - Lulla doll","wip","WIP-008.jpeg"
"Lulla_doll/IMG_20251024_163543.jpg","2025-10-24T16:35:43.000Z","0042 - Lulla doll","wip","WIP-009.jpeg"
"Mattel_dolls/after.jpg","2025-07-19T14:05:01.000Z","0027 - Mattel dolls","after","after.jpeg"
"Mattel_dolls/IMG_20250314_140923.jpg","2025-03-14T14:09:23.000Z","0027 - Mattel dolls","wip","WIP-001.jpeg"
"Mattel_dolls/IMG_20250314_141142.jpg","2025-03-14T14:11:42.000Z","0027 - Mattel dolls","wip","WIP-002.jpeg"
"Mattel_dolls/IMG_20250323_183809.jpg","2025-03-23T18:38:09.000Z","0027 - Mattel dolls","wip","WIP-003.jpeg"
"Mattel_dolls/IMG_20250323_183852.jpg","2025-03-23T18:38:52.000Z","0027 - Mattel dolls","wip","WIP-004.jpeg"
"Mattel_dolls/IMG_20250529_212957.jpg","2025-05-29T21:29:57.000Z","0027 - Mattel dolls","wip","WIP-005.jpeg"
"Mattel_dolls/IMG_20250529_215443.jpg","2025-05-29T21:54:43.000Z","0027 - Mattel dolls","wip","WIP-006.jpeg"
"Mattel_dolls/IMG_20250529_215449.jpg","2025-05-29T21:54:49.000Z","0027 - Mattel dolls","wip","WIP-007.jpeg"
"Mattel_dolls/IMG_20250529_215807.jpg","2025-05-29T21:58:07.000Z","0027 - Mattel dolls","wip","WIP-008.jpeg"
"Mattel_dolls/IMG_20250712_111439.jpg","2025-07-12T11:14:39.000Z","0027 - Mattel dolls","wip","WIP-009.jpeg"
"Mattel_dolls/IMG_20250712_183619.jpg","2025-07-12T18:36:19.000Z","0027 - Mattel dolls","wip","WIP-010.jpeg"
"Mattel_dolls/IMG_20250712_183734.jpg","2025-07-12T18:37:34.000Z","0027 - Mattel dolls","wip","WIP-011.jpeg"
"Mattel_dolls/IMG_20250719_004323.jpg","2025-07-19T00:43:23.000Z","0027 - Mattel dolls","wip","WIP-012.jpeg"
"Mattel_dolls/IMG_20250719_004640.jpg","2025-07-19T00:46:40.000Z","0027 - Mattel dolls","wip","WIP-013.jpeg"
"Mattel_dolls/IMG_20250719_130622.jpg","2025-07-19T13:06:22.000Z","0027 - Mattel dolls","wip","WIP-014.jpeg"
"Mattel_dolls/IMG_20250719_130627.jpg","2025-07-19T13:06:27.000Z","0027 - Mattel dolls","wip","WIP-015.jpeg"
"Mattel_dolls/IMG_20250719_140518.jpg","2025-07-19T14:05:18.000Z","0027 - Mattel dolls","wip","WIP-016.jpeg"
"Mattel_dolls/IMG_20250719_140523.jpg","2025-07-19T14:05:23.000Z","0027 - Mattel dolls","wip","WIP-017.jpeg"
"Mattel_dolls/IMG_20250719_140533.jpg","2025-07-19T14:05:33.000Z","0027 - Mattel dolls","wip","WIP-018.jpeg"
"Mattel_dolls/IMG_20250723_131014.jpg","2025-07-23T13:10:14.000Z","0027 - Mattel dolls","wip","WIP-019.jpeg"
"Mattel_dolls/IMG_20250723_132249.jpg","2025-07-23T13:22:49.000Z","0027 - Mattel dolls","wip","WIP-020.jpeg"
"Mattel_dolls/IMG_20250724_134514.jpg","2025-07-24T13:45:14.000Z","0027 - Mattel dolls","wip","WIP-021.jpeg"
"Mattel_dolls/IMG_20250724_135045.jpg","2025-07-24T13:50:45.000Z","0027 - Mattel dolls","wip","WIP-022.jpeg"
"Mickey_Goofy/after.jpg","2025-08-25T11:27:53.000Z","0031 - Mickey n goofy","after","after.jpeg"
"Monkey/after.jpg","2025-03-25T09:50:36.000Z","0021 - Monkey restuffing","after","after.jpeg"
"My_Pal_Robot/after.jpg","2026-03-29T18:18:28.000Z","0018 - Moving Robot","after","after.jpeg"
"My_Pal_Robot/IMG_20260224_012351.jpg","2026-02-24T01:23:51.000Z","0018 - Moving Robot","wip","WIP-001.jpeg"
"My_Pal_Robot/IMG_20260224_025627.jpg","2026-02-24T02:56:27.000Z","0018 - Moving Robot","wip","WIP-002.jpeg"
"My_Pal_Robot/IMG_20260227_113907.jpg","2026-02-27T11:39:07.000Z","0018 - Moving Robot","wip","WIP-003.jpeg"
"My_Pal_Robot/IMG_20260227_113910.jpg","2026-02-27T11:39:10.000Z","0018 - Moving Robot","wip","WIP-004.jpeg"
"My_Pal_Robot/IMG_20260227_114946.jpg","2026-02-27T11:49:46.000Z","0018 - Moving Robot","wip","WIP-005.jpeg"
"My_Pal_Robot/IMG_20260227_123624.jpg","2026-02-27T12:36:24.000Z","0018 - Moving Robot","wip","WIP-006.jpeg"
"My_Pal_Robot/IMG_20260227_123830.jpg","2026-02-27T12:38:30.000Z","0018 - Moving Robot","wip","WIP-007.jpeg"
"My_Pal_Robot/IMG_20260227_124500.jpg","2026-02-27T12:45:00.000Z","0018 - Moving Robot","wip","WIP-008.jpeg"
"My_Pal_Robot/IMG_20260227_150005.jpg","2026-02-27T15:00:05.000Z","0018 - Moving Robot","wip","WIP-009.jpeg"
"My_Pal_Robot/IMG_20260227_150015.jpg","2026-02-27T15:00:15.000Z","0018 - Moving Robot","wip","WIP-010.jpeg"
"My_Pal_Robot/IMG_20260227_150023.jpg","2026-02-27T15:00:23.000Z","0018 - Moving Robot","wip","WIP-011.jpeg"
"My_Pal_Robot/IMG_20260227_152411.jpg","2026-02-27T15:24:11.000Z","0018 - Moving Robot","wip","WIP-012.jpeg"
"My_Pal_Robot/IMG_20260227_162604.jpg","2026-02-27T16:26:04.000Z","0018 - Moving Robot","wip","WIP-013.jpeg"
"My_Pal_Robot/IMG_20260301_191743.jpg","2026-03-01T19:17:43.000Z","0018 - Moving Robot","wip","WIP-014.jpeg"
"My_Pal_Robot/IMG_20260301_191759.jpg","2026-03-01T19:17:59.000Z","0018 - Moving Robot","wip","WIP-015.jpeg"
"My_Pal_Robot/IMG_20260301_191924.jpg","2026-03-01T19:19:24.000Z","0018 - Moving Robot","wip","WIP-016.jpeg"
"My_Pal_Robot/IMG_20260302_001751.jpg","2026-03-02T00:17:51.000Z","0018 - Moving Robot","wip","WIP-017.jpeg"
"My_Pal_Robot/IMG_20260302_002837.jpg","2026-03-02T00:28:37.000Z","0018 - Moving Robot","wip","WIP-018.jpeg"
"My_Pal_Robot/IMG_20260302_004144.jpg","2026-03-02T00:41:44.000Z","0018 - Moving Robot","wip","WIP-019.jpeg"
"My_Pal_Robot/IMG_20260302_004204.jpg","2026-03-02T00:42:04.000Z","0018 - Moving Robot","wip","WIP-020.jpeg"
"My_Pal_Robot/IMG_20260302_134736.jpg","2026-03-02T13:47:36.000Z","0018 - Moving Robot","wip","WIP-021.jpeg"
"My_Pal_Robot/IMG_20260302_134739.jpg","2026-03-02T13:47:39.000Z","0018 - Moving Robot","wip","WIP-022.jpeg"
"PJ_Teddy/PJ_teddy_before.jpg","2026-04-17T16:47:14.000Z","0083 - PJ Teddy","wip","WIP-001.jpeg"
"PJ_Teddy/PJ_teddy_after.jpg","2026-04-22T10:50:51.000Z","0083 - PJ Teddy","wip","WIP-002.jpeg"
"Paddington_Bear/before.jpg","2026-01-05T09:13:24.000Z","0084 - Paddington Bear","before","before.jpeg"
"Paddington_Bear/after2.jpg","2026-01-08T10:23:53.000Z","0084 - Paddington Bear","after","after.jpeg"
"Paddington_Bear/after.jpg","2026-01-08T10:24:12.000Z","0084 - Paddington Bear","after (extra)","WIP-001.jpeg"
"Paddington_Bear/IMG_20260105_091738.jpg","2026-01-05T09:17:38.000Z","0084 - Paddington Bear","wip","WIP-002.jpeg"
"Paddington_Bear/IMG_20260107_113501.jpg","2026-01-07T11:35:01.000Z","0084 - Paddington Bear","wip","WIP-003.jpeg"
"Paddington_Bear/IMG_20260108_091650.jpg","2026-01-08T09:16:50.000Z","0084 - Paddington Bear","wip","WIP-004.jpeg"
"Paddington_Bear/IMG_20260108_094453.jpg","2026-01-08T09:44:53.000Z","0084 - Paddington Bear","wip","WIP-005.jpeg"
"Panda/before.jpg","2026-03-25T14:03:02.000Z","0085 - Panda","before","before.jpeg"
"Panda/after_1.jpg","2026-03-28T09:09:25.000Z","0085 - Panda","wip","WIP-001.jpeg"
"Panda/after_2.jpg","2026-03-28T09:10:35.000Z","0085 - Panda","wip","WIP-002.jpeg"
"Pokemon_EPet/after.jpg","2025-05-20T15:44:00.000Z","0022 - Pokemon pets","after","after.jpeg"
"Pokemon_EPet/IMG_20250516_124530.jpg","2025-05-16T12:45:30.000Z","0022 - Pokemon pets","wip","WIP-001.jpeg"
"Pokemon_EPet/IMG_20250519_100952.jpg","2025-05-19T10:09:52.000Z","0022 - Pokemon pets","wip","WIP-002.jpeg"
"Pokemon_EPet/IMG_20250519_101006.jpg","2025-05-19T10:10:06.000Z","0022 - Pokemon pets","wip","WIP-003.jpeg"
"Pokemon_EPet/IMG_20250520_104901.jpg","2025-05-20T10:49:01.000Z","0022 - Pokemon pets","wip","WIP-004.jpeg"
"Pokemon_EPet/IMG_20250520_113831.jpg","2025-05-20T11:38:31.000Z","0022 - Pokemon pets","wip","WIP-005.jpeg"
"Reindeer/after.jpg","2026-01-04T22:39:57.000Z","0051 - Harold singing Reindeer","after","after.jpeg"
"Reindeer/after2.jpg","2026-01-05T08:46:19.000Z","0051 - Harold singing Reindeer","after (extra)","WIP-001.jpeg"
"Reindeer/IMG_20260103_121207.jpg","2026-01-03T12:12:07.000Z","0051 - Harold singing Reindeer","wip","WIP-002.jpeg"
"Reindeer/IMG_20260103_121212.jpg","2026-01-03T12:12:12.000Z","0051 - Harold singing Reindeer","wip","WIP-003.jpeg"
"Reindeer/IMG_20260103_121824.jpg","2026-01-03T12:18:24.000Z","0051 - Harold singing Reindeer","wip","WIP-004.jpeg"
"Reindeer/IMG_20260103_124416.jpg","2026-01-03T12:44:16.000Z","0051 - Harold singing Reindeer","wip","WIP-005.jpeg"
"Reindeer/IMG_20260103_124457.jpg","2026-01-03T12:44:57.000Z","0051 - Harold singing Reindeer","wip","WIP-006.jpeg"
"RideOn_blue/after.jpg","2025-09-08T09:06:40.000Z","0058 - Ride on Car","after","after.jpeg"
"RideOn_blue/IMG_20250907_160851.jpg","2025-09-07T16:08:51.000Z","0058 - Ride on Car","wip","WIP-001.jpeg"
"RideOn_blue/20250907_161118.jpg","2025-09-07T16:11:18.000Z","0058 - Ride on Car","wip","WIP-002.jpeg"
"RideOn_outdoor/after3.jpg","2025-09-19T09:10:40.000Z","0058 - Ride on Car","after","after.jpeg"
"RideOn_outdoor/after2.jpg","2025-09-19T09:10:54.000Z","0058 - Ride on Car","after (extra)","WIP-001.jpeg"
"RideOn_outdoor/after.jpg","2025-09-19T09:11:04.000Z","0058 - Ride on Car","after (extra)","WIP-002.jpeg"
"RideOn_outdoor/IMG_20250916_110521.jpg","2025-09-16T11:05:21.000Z","0058 - Ride on Car","wip","WIP-003.jpeg"
"RideOn_outdoor/IMG_20250919_100246.jpg","2025-09-19T10:02:46.000Z","0058 - Ride on Car","wip","WIP-004.jpeg"
"RideOn_outdoor/IMG_20250919_101705.jpg","2025-09-19T10:17:05.000Z","0058 - Ride on Car","wip","WIP-005.jpeg"
"RideOn_outdoor/IMG_20250919_102622.jpg","2025-09-19T10:26:22.000Z","0058 - Ride on Car","wip","WIP-006.jpeg"
"Robot/after.jpg","2025-02-08T03:07:57.000Z","0018 - Moving Robot","after","after.jpeg"
"Robot/IMG_20250207_234102.jpg","2025-02-07T23:41:02.000Z","0018 - Moving Robot","wip","WIP-001.jpeg"
"Robot/IMG_20250208_000128.jpg","2025-02-08T00:01:28.000Z","0018 - Moving Robot","wip","WIP-002.jpeg"
"Robot/IMG_20250208_002847.jpg","2025-02-08T00:28:47.000Z","0018 - Moving Robot","wip","WIP-003.jpeg"
"Robot/IMG_20250208_002925.jpg","2025-02-08T00:29:25.000Z","0018 - Moving Robot","wip","WIP-004.jpeg"
"Santa_clock/after.jpg","2026-02-24T18:05:33.000Z","0064 - Bob the builder Clock","after","after.jpeg"
"Santa_clock/IMG_20260122_160105.jpg","2026-01-22T16:01:05.000Z","0064 - Bob the builder Clock","wip","WIP-001.jpeg"
"Santa_clock/IMG_20260122_161012.jpg","2026-01-22T16:10:12.000Z","0064 - Bob the builder Clock","wip","WIP-002.jpeg"
"Santa_clock/IMG_20260122_161200.jpg","2026-01-22T16:12:00.000Z","0064 - Bob the builder Clock","wip","WIP-003.jpeg"
"Santa_clock/IMG_20260122_170713.jpg","2026-01-22T17:07:13.000Z","0064 - Bob the builder Clock","wip","WIP-004.jpeg"
"Santa_clock/IMG_20260122_171041.jpg","2026-01-22T17:10:41.000Z","0064 - Bob the builder Clock","wip","WIP-005.jpeg"
"Santa_clock/IMG_20260122_171440.jpg","2026-01-22T17:14:40.000Z","0064 - Bob the builder Clock","wip","WIP-006.jpeg"
"Santa_vintage/before2.jpg","2026-02-23T13:00:42.000Z","0048 - christmas Figures","before","before.jpeg"
"Santa_vintage/before.jpg","2026-02-23T13:00:57.000Z","0048 - christmas Figures","before (extra)","WIP-001.jpeg"
"Santa_vintage/before3.jpg","2026-02-23T13:01:02.000Z","0048 - christmas Figures","before (extra)","WIP-002.jpeg"
"Santa_vintage/after.jpg","2026-02-24T18:00:15.000Z","0048 - christmas Figures","after","after.jpeg"
"Santa_vintage/IMG_20260223_130339.jpg","2026-02-23T13:03:39.000Z","0048 - christmas Figures","wip","WIP-003.jpeg"
"Santa_vintage/IMG_20260224_161811.jpg","2026-02-24T16:18:11.000Z","0048 - christmas Figures","wip","WIP-004.jpeg"
"Santa_vintage/after_2.jpg","2026-02-24T18:00:39.000Z","0048 - christmas Figures","wip","WIP-005.jpeg"
"Teddy_musicbox/after.jpg","2026-01-14T21:36:51.000Z","0020 - Music box teddy bear","after","after.jpeg"
"Teddy_musicbox/IMG_20260112_220850.jpg","2026-01-12T22:08:50.000Z","0020 - Music box teddy bear","wip","WIP-001.jpeg"
"Teddy_musicbox/IMG_20260112_232142.jpg","2026-01-12T23:21:42.000Z","0020 - Music box teddy bear","wip","WIP-002.jpeg"
"Trucks/after3.jpg","2025-10-22T12:49:36.000Z","0041 - Tonka Trucks and Friends","after","after.jpeg"
"Trucks/after2.jpg","2025-10-22T12:50:13.000Z","0041 - Tonka Trucks and Friends","after (extra)","WIP-001.jpeg"
"Trucks/after.jpg","2025-10-22T12:50:59.000Z","0041 - Tonka Trucks and Friends","after (extra)","WIP-002.jpeg"
"Trucks/IMG_20251004_203559.jpg","2025-10-04T20:35:59.000Z","0041 - Tonka Trucks and Friends","wip","WIP-003.jpeg"
"Trucks/IMG_20251004_205036.jpg","2025-10-04T20:50:36.000Z","0041 - Tonka Trucks and Friends","wip","WIP-004.jpeg"
"Trucks/IMG_20251007_225754.jpg","2025-10-07T22:57:54.000Z","0041 - Tonka Trucks and Friends","wip","WIP-005.jpeg"
"Trucks/IMG_20251007_234105.jpg","2025-10-07T23:41:05.000Z","0041 - Tonka Trucks and Friends","wip","WIP-006.jpeg"
"Trucks/IMG_20251021_104948.jpg","2025-10-21T10:49:48.000Z","0041 - Tonka Trucks and Friends","wip","WIP-007.jpeg"
"Tumbling_tiger/before1.jpg","2025-11-19T16:54:59.000Z","0086 - Tumbling tiger","before","before.jpeg"
"Tumbling_tiger/before2.jpg","2025-11-19T16:55:10.000Z","0086 - Tumbling tiger","before (extra)","WIP-001.jpeg"
"Tumbling_tiger/IMG_20251119_180735.jpg","2025-11-19T18:07:35.000Z","0086 - Tumbling tiger","wip","WIP-002.jpeg"
"Tumbling_tiger/IMG_20251127_093256.jpg","2025-11-27T09:32:56.000Z","0086 - Tumbling tiger","wip","WIP-003.jpeg"
"Tumbling_tiger/IMG_20251127_093308.jpg","2025-11-27T09:33:08.000Z","0086 - Tumbling tiger","wip","WIP-004.jpeg"
"Tumbling_tiger/IMG_20251127_093827.jpg","2025-11-27T09:38:27.000Z","0086 - Tumbling tiger","wip","WIP-005.jpeg"
"Tumbling_tiger/IMG_20251127_145008.jpg","2025-11-27T14:50:08.000Z","0086 - Tumbling tiger","wip","WIP-006.jpeg"
"Vintage_bear_straw/before.jpg","2025-07-28T09:13:42.000Z","0028 - Vintage 5 Joint Teddy Bear","before","before.jpeg"
"Vintage_bear_straw/after.jpg","2025-07-29T16:17:36.000Z","0028 - Vintage 5 Joint Teddy Bear","after","after.jpeg"
"Vintage_bear_straw/IMG_20250728_100424.jpg","2025-07-28T10:04:24.000Z","0028 - Vintage 5 Joint Teddy Bear","wip","WIP-001.jpeg"
"Vintage_bear_straw/IMG_20250729_141829.jpg","2025-07-29T14:18:29.000Z","0028 - Vintage 5 Joint Teddy Bear","wip","WIP-002.jpeg"
"Vintage_bear_straw/IMG_20250729_141950.jpg","2025-07-29T14:19:50.000Z","0028 - Vintage 5 Joint Teddy Bear","wip","WIP-003.jpeg"
"Vintage_bear_straw/IMG_20250729_142635.jpg","2025-07-29T14:26:35.000Z","0028 - Vintage 5 Joint Teddy Bear","wip","WIP-004.jpeg"
"Vintage_bear_straw/IMG_20250729_143813.jpg","2025-07-29T14:38:13.000Z","0028 - Vintage 5 Joint Teddy Bear","wip","WIP-005.jpeg"
"Vintage_yellow_bear/before.jpg","2025-10-18T14:33:45.000Z","0028 - Vintage 5 Joint Teddy Bear","before","before.jpeg"
"Vintage_yellow_bear/before1.jpg","2025-10-24T22:02:28.000Z","0028 - Vintage 5 Joint Teddy Bear","before (extra)","WIP-001.jpeg"
"Vintage_yellow_bear/before2.jpg","2025-10-24T22:02:32.000Z","0028 - Vintage 5 Joint Teddy Bear","before (extra)","WIP-002.jpeg"
"Vintage_yellow_bear/before3.jpg","2025-10-24T22:05:48.000Z","0028 - Vintage 5 Joint Teddy Bear","before (extra)","WIP-003.jpeg"
"Vintage_yellow_bear/before4.jpg","2025-10-31T13:50:33.000Z","0028 - Vintage 5 Joint Teddy Bear","before (extra)","WIP-004.jpeg"
"Vintage_yellow_bear/after.jpg","2025-11-24T11:49:17.000Z","0028 - Vintage 5 Joint Teddy Bear","after","after.jpeg"
"Vintage_yellow_bear/IMG_20251031_140620.jpg","2025-10-31T14:06:20.000Z","0028 - Vintage 5 Joint Teddy Bear","wip","WIP-005.jpeg"
"Vintage_yellow_bear/IMG_20251101_190019.jpg","2025-11-01T19:00:19.000Z","0028 - Vintage 5 Joint Teddy Bear","wip","WIP-006.jpeg"
"Vintage_yellow_bear/IMG_20251101_215755.jpg","2025-11-01T21:57:55.000Z","0028 - Vintage 5 Joint Teddy Bear","wip","WIP-007.jpeg"
"Vintage_yellow_bear/IMG_20251104_140658.jpg","2025-11-04T14:06:58.000Z","0028 - Vintage 5 Joint Teddy Bear","wip","WIP-008.jpeg"
"Vintage_yellow_bear/IMG_20251104_141041.jpg","2025-11-04T14:10:41.000Z","0028 - Vintage 5 Joint Teddy Bear","wip","WIP-009.jpeg"
"Vintage_yellow_bear/IMG_20251104_143456.jpg","2025-11-04T14:34:56.000Z","0028 - Vintage 5 Joint Teddy Bear","wip","WIP-010.jpeg"
"Vintage_yellow_bear/IMG_20251104_144901.jpg","2025-11-04T14:49:01.000Z","0028 - Vintage 5 Joint Teddy Bear","wip","WIP-011.jpeg"
"Vintage_yellow_bear/IMG_20251104_145820.jpg","2025-11-04T14:58:20.000Z","0028 - Vintage 5 Joint Teddy Bear","wip","WIP-012.jpeg"
"Vintage_yellow_bear/IMG_20251125_124304.jpg","2025-11-25T12:43:04.000Z","0028 - Vintage 5 Joint Teddy Bear","wip","WIP-013.jpeg"
"White_horse/before4.jpg","2025-11-14T09:58:43.000Z","0044 - Kosen White horse","before","before.jpeg"
"White_horse/before6.jpg","2025-11-14T09:59:13.000Z","0044 - Kosen White horse","before (extra)","WIP-001.jpeg"
"White_horse/before5.jpg","2025-11-14T10:05:30.000Z","0044 - Kosen White horse","before (extra)","WIP-002.jpeg"
"White_horse/before.jpg","2025-11-22T11:57:40.000Z","0044 - Kosen White horse","before (extra)","WIP-003.jpeg"
"White_horse/before2.jpg","2025-11-22T11:57:47.000Z","0044 - Kosen White horse","before (extra)","WIP-004.jpeg"
"White_horse/before3.jpg","2025-11-22T11:57:52.000Z","0044 - Kosen White horse","before (extra)","WIP-005.jpeg"
"White_horse/after3.jpg","2025-11-29T10:14:06.000Z","0044 - Kosen White horse","after","after.jpeg"
"White_horse/after2.jpg","2025-11-29T10:14:40.000Z","0044 - Kosen White horse","after (extra)","WIP-006.jpeg"
"White_horse/after1.jpg","2025-11-29T10:15:50.000Z","0044 - Kosen White horse","after (extra)","WIP-007.jpeg"
"White_horse/IMG_20251124_012637.jpg","2025-11-24T01:26:37.000Z","0044 - Kosen White horse","wip","WIP-008.jpeg"
"White_horse/IMG_20251124_024800.jpg","2025-11-24T02:48:00.000Z","0044 - Kosen White horse","wip","WIP-009.jpeg"
"White_horse/IMG_20251124_025112.jpg","2025-11-24T02:51:12.000Z","0044 - Kosen White horse","wip","WIP-010.jpeg"
"Woody/after.jpg","2026-03-29T18:19:46.000Z","0050 - Woody Robot","after","after.jpeg"
"Woody/IMG_20260106_180637.jpg","2026-01-06T18:06:37.000Z","0050 - Woody Robot","wip","WIP-001.jpeg"
"Woody/IMG_20260106_180646.jpg","2026-01-06T18:06:46.000Z","0050 - Woody Robot","wip","WIP-002.jpeg"
"Woody/IMG_20260106_224915.jpg","2026-01-06T22:49:15.000Z","0050 - Woody Robot","wip","WIP-003.jpeg"
"Woody_2/after.jpg","2025-11-13T11:16:57.000Z","0091 - Woody 2","after","after.jpeg"
"Woody_2/IMG_20251101_134044.jpg","2025-11-01T13:40:44.000Z","0091 - Woody 2","wip","WIP-001.jpeg"
"Woody_2/IMG_20251101_134248.jpg","2025-11-01T13:42:48.000Z","0091 - Woody 2","wip","WIP-002.jpeg"
"Woody_2/IMG_20251101_135912.jpg","2025-11-01T13:59:12.000Z","0091 - Woody 2","wip","WIP-003.jpeg"
"Woody_n_Buzz/after2.jpg","2025-12-07T00:04:51.000Z","0092 - Woody n Buzz","after","after.jpeg"
"Woody_n_Buzz/after3.jpg","2025-12-07T00:05:13.000Z","0092 - Woody n Buzz","after (extra)","WIP-001.jpeg"
"Woody_n_Buzz/after.jpg","2025-12-08T11:49:16.000Z","0092 - Woody n Buzz","after (extra)","WIP-002.jpeg"
"Woody_n_Buzz/IMG_20251202_223856.jpg","2025-12-02T22:38:56.000Z","0092 - Woody n Buzz","wip","WIP-003.jpeg"
"Woody_n_Buzz/IMG_20251202_235604.jpg","2025-12-02T23:56:04.000Z","0092 - Woody n Buzz","wip","WIP-004.jpeg"
"Woody_n_Buzz/IMG_20251203_171739.jpg","2025-12-03T17:17:39.000Z","0092 - Woody n Buzz","wip","WIP-005.jpeg"
"Woody_n_Buzz/IMG_20251203_171808.jpg","2025-12-03T17:18:08.000Z","0092 - Woody n Buzz","wip","WIP-006.jpeg"
"Yellow_teddy/before.jpg","2026-03-28T00:16:09.000Z","0087 - Yellow teddy","before","before.jpeg"
"Yellow_teddy/after.jpg","2026-03-30T10:57:39.000Z","0087 - Yellow teddy","after","after.jpeg"
"Yellow_teddy/1.jpg","2026-03-29T21:36:12.000Z","0087 - Yellow teddy","wip","WIP-001.jpeg"
"anime_figure/before.jpg","2026-03-27T23:12:49.000Z","0088 - anime figure","before","before.jpeg"
"anime_figure/after.jpg","2026-03-28T08:59:51.000Z","0088 - anime figure","after","after.jpeg"
"anime_figure/after_3.jpg","2026-03-27T23:12:58.000Z","0088 - anime figure","wip","WIP-001.jpeg"
"anime_figure/before_2.jpg","2026-03-27T23:13:11.000Z","0088 - anime figure","wip","WIP-002.jpeg"
"anime_figure/IMG_20260328_005009.jpg","2026-03-28T00:50:09.000Z","0088 - anime figure","wip","WIP-003.jpeg"
"anime_figure/IMG_20260328_005019.jpg","2026-03-28T00:50:19.000Z","0088 - anime figure","wip","WIP-004.jpeg"
"anime_figure/after_1.jpg","2026-03-28T08:54:11.000Z","0088 - anime figure","wip","WIP-005.jpeg"
"anime_figure/after_2.jpg","2026-03-28T08:54:57.000Z","0088 - anime figure","wip","WIP-006.jpeg"
"bear_pillow/after.jpg","2025-09-16T10:08:51.000Z","0076 - Froggie pillow","after","after.jpeg"
"brown_bear/before.jpg","2025-11-13T11:20:22.000Z","0036 - snoring bear","before","before.jpeg"
"brown_bear/before2.jpg","2025-11-13T14:40:41.000Z","0036 - snoring bear","before (extra)","WIP-001.jpeg"
"brown_bear/after1.jpg","2025-11-18T14:29:43.000Z","0036 - snoring bear","after","after.jpeg"
"brown_bear/after2.jpg","2025-11-18T14:29:59.000Z","0036 - snoring bear","after (extra)","WIP-002.jpeg"
"brown_bear/IMG_20251113_133131.jpg","2025-11-13T13:31:31.000Z","0036 - snoring bear","wip","WIP-003.jpeg"
"brown_bear/IMG_20251113_133953.jpg","2025-11-13T13:39:53.000Z","0036 - snoring bear","wip","WIP-004.jpeg"
"brown_bear/IMG_20251113_143548.jpg","2025-11-13T14:35:48.000Z","0036 - snoring bear","wip","WIP-005.jpeg"
"brown_bear/IMG_20251113_153400.jpg","2025-11-13T15:34:00.000Z","0036 - snoring bear","wip","WIP-006.jpeg"
"brown_bear/IMG_20251114_220308.jpg","2025-11-14T22:03:08.000Z","0036 - snoring bear","wip","WIP-007.jpeg"
"bunny/before.jpg","2025-11-12T15:36:36.000Z","0016 - Bunny cuddling toy","before","before.jpeg"
"bunny/after.jpg","2025-11-18T14:09:51.000Z","0016 - Bunny cuddling toy","after","after.jpeg"
"bunny/IMG_20251114_175357.jpg","2025-11-14T17:53:57.000Z","0016 - Bunny cuddling toy","wip","WIP-001.jpeg"
"bunny/IMG_20251114_175656.jpg","2025-11-14T17:56:56.000Z","0016 - Bunny cuddling toy","wip","WIP-002.jpeg"
"bunny/IMG_20251118_111824.jpg","2025-11-18T11:18:24.000Z","0016 - Bunny cuddling toy","wip","WIP-003.jpeg"
"bunny/IMG_20251118_114711.jpg","2025-11-18T11:47:11.000Z","0016 - Bunny cuddling toy","wip","WIP-004.jpeg"
"dusley/after.jpg","2025-09-16T10:05:01.000Z","0009 - Hey Duggee Interactive","after","after.jpeg"
"dusley/IMG_20250912_192503.jpg","2025-09-12T19:25:03.000Z","0009 - Hey Duggee Interactive","wip","WIP-001.jpeg"
"dusley/IMG_20250912_214516.jpg","2025-09-12T21:45:16.000Z","0009 - Hey Duggee Interactive","wip","WIP-002.jpeg"
"dusley/IMG_20250912_214841.jpg","2025-09-12T21:48:41.000Z","0009 - Hey Duggee Interactive","wip","WIP-003.jpeg"
"dusley/IMG_20250912_215515.jpg","2025-09-12T21:55:15.000Z","0009 - Hey Duggee Interactive","wip","WIP-004.jpeg"
"dusley/IMG_20250912_221319.jpg","2025-09-12T22:13:19.000Z","0009 - Hey Duggee Interactive","wip","WIP-005.jpeg"
"dusley/IMG_20250912_221437 (1).jpg","2025-09-12T22:14:37.000Z","0009 - Hey Duggee Interactive","wip","WIP-006.jpeg"
"dusley/IMG_20250912_221437.jpg","2025-09-12T22:14:37.000Z","0009 - Hey Duggee Interactive","wip","WIP-007.jpeg"
"dusley/IMG_20250912_223611.jpg","2025-09-12T22:36:11.000Z","0009 - Hey Duggee Interactive","wip","WIP-008.jpeg"
"dusley/IMG_20250912_223922.jpg","2025-09-12T22:39:22.000Z","0009 - Hey Duggee Interactive","wip","WIP-009.jpeg"
"dusley/IMG_20250912_224621.jpg","2025-09-12T22:46:21.000Z","0009 - Hey Duggee Interactive","wip","WIP-010.jpeg"
"dusley/IMG_20250913_175258.jpg","2025-09-13T17:52:58.000Z","0009 - Hey Duggee Interactive","wip","WIP-011.jpeg"
"dusley/IMG_20250913_200001.jpg","2025-09-13T20:00:01.000Z","0009 - Hey Duggee Interactive","wip","WIP-012.jpeg"
"eggPlant_cushion/before.jpg","2025-09-15T13:42:57.000Z","0034 - Eggplant Restuff","before","before.jpeg"
"eggPlant_cushion/after.jpg","2025-09-16T09:58:22.000Z","0034 - Eggplant Restuff","after","after.jpeg"
"giraffe/before.jpg","2025-02-12T18:10:54.000Z","0019 - Giraffe teddy","before","before.jpeg"
"giraffe/after.jpg","2025-02-13T11:08:51.000Z","0019 - Giraffe teddy","after","after.jpeg"
"giraffe_MusicBox/after.jpg","2025-12-13T17:04:32.000Z","0067 - Ms Buns Rabbit w Music Box","after","after.jpeg"
"giraffe_MusicBox/IMG_20251210_222923.jpg","2025-12-10T22:29:23.000Z","0067 - Ms Buns Rabbit w Music Box","wip","WIP-001.jpeg"
"giraffe_MusicBox/IMG_20251210_222926.jpg","2025-12-10T22:29:26.000Z","0067 - Ms Buns Rabbit w Music Box","wip","WIP-002.jpeg"
"pink_ribbon_bear/after.jpg","2025-12-04T17:17:09.000Z","0089 - pink ribbon bear","after","after.jpeg"
"polar_bear/before.jpg","2026-03-25T12:21:45.000Z","0090 - polar bear","before","before.jpeg"
"polar_bear/after.jpg","2026-03-31T02:13:26.000Z","0090 - polar bear","after","after.jpeg"
"polar_bear/IMG_20260325_134557.jpg","2026-03-25T13:45:57.000Z","0090 - polar bear","wip","WIP-001.jpeg"
"polar_bear/IMG_20260325_135021.jpg","2026-03-25T13:50:21.000Z","0090 - polar bear","wip","WIP-002.jpeg"
"polar_bear/IMG_20260325_135334.jpg","2026-03-25T13:53:34.000Z","0090 - polar bear","wip","WIP-003.jpeg"
"polar_bear/after_2.jpg","2026-03-31T02:11:34.000Z","0090 - polar bear","wip","WIP-004.jpeg"
"witch/before.jpg","2025-08-21T17:07:49.000Z","0032 - Witch toy","before","before.jpeg"
"witch/before2.jpg","2025-08-21T17:08:00.000Z","0032 - Witch toy","before (extra)","WIP-001.jpeg"
"witch/after1.jpg","2025-08-25T11:15:54.000Z","0032 - Witch toy","after","after.jpeg"
"witch/IMG_20250825_111605.jpg","2025-08-25T11:16:05.000Z","0032 - Witch toy","wip","WIP-002.jpeg"
"xmas_train/after2.jpg","2025-10-10T11:22:01.000Z","0040 - Xmas train","after","after.jpeg"
"xmas_train/after3.jpg","2025-10-10T11:22:33.000Z","0040 - Xmas train","after (extra)","WIP-001.jpeg"
"xmas_train/after.jpg","2025-10-10T11:24:17.000Z","0040 - Xmas train","after (extra)","WIP-002.jpeg"
"xmas_train/IMG_20251002_184833.jpg","2025-10-02T18:48:33.000Z","0040 - Xmas train","wip","WIP-003.jpeg"
